whiteboard-node-1-1,4.45%,32.15MiB / 15.61GiB
whiteboard-postgres-1,1.25%,35.27MiB / 15.61GiB
whiteboard-node-1-1,16.99%,43.6MiB / 15.61GiB
whiteboard-postgres-1,5.95%,35.12MiB / 15.61GiB
whiteboard-node-1-1,28.63%,52.09MiB / 15.61GiB
whiteboard-postgres-1,2.66%,35.61MiB / 15.61GiB
whiteboard-node-1-1,36.82%,56.99MiB / 15.61GiB
whiteboard-postgres-1,6.62%,36.27MiB / 15.61GiB
whiteboard-node-1-1,41.69%,61.46MiB / 15.61GiB
whiteboard-postgres-1,2.95%,36.38MiB / 15.61GiB
whiteboard-node-1-1,50.41%,67.54MiB / 15.61GiB
whiteboard-postgres-1,7.51%,36.43MiB / 15.61GiB
whiteboard-node-1-1,65.54%,79.15MiB / 15.61GiB
whiteboard-postgres-1,3.67%,39.65MiB / 15.61GiB
whiteboard-node-1-1,76.64%,90.54MiB / 15.61GiB
whiteboard-postgres-1,3.80%,40.24MiB / 15.61GiB
whiteboard-node-1-1,66.34%,135.4MiB / 15.61GiB
whiteboard-postgres-1,7.79%,41.83MiB / 15.61GiB
whiteboard-node-1-1,60.29%,143.6MiB / 15.61GiB
whiteboard-postgres-1,3.58%,43.73MiB / 15.61GiB
whiteboard-node-1-1,66.41%,145.6MiB / 15.61GiB
whiteboard-postgres-1,7.94%,44.31MiB / 15.61GiB
whiteboard-node-1-1,71.85%,145.9MiB / 15.61GiB
whiteboard-postgres-1,7.68%,45.03MiB / 15.61GiB
whiteboard-node-1-1,65.21%,149.4MiB / 15.61GiB
whiteboard-postgres-1,3.65%,44.72MiB / 15.61GiB
whiteboard-node-1-1,71.82%,149.4MiB / 15.61GiB
whiteboard-postgres-1,3.58%,44.93MiB / 15.61GiB
whiteboard-node-1-1,72.69%,151.8MiB / 15.61GiB
whiteboard-postgres-1,4.08%,44.94MiB / 15.61GiB
whiteboard-node-1-1,66.60%,154.1MiB / 15.61GiB
whiteboard-postgres-1,3.60%,45.33MiB / 15.61GiB
whiteboard-node-1-1,67.56%,164.3MiB / 15.61GiB
whiteboard-postgres-1,7.69%,47.23MiB / 15.61GiB
whiteboard-node-1-1,74.65%,165.6MiB / 15.61GiB
whiteboard-postgres-1,7.61%,47.79MiB / 15.61GiB
whiteboard-node-1-1,65.98%,172.6MiB / 15.61GiB
whiteboard-postgres-1,7.43%,48.64MiB / 15.61GiB
whiteboard-node-1-1,67.20%,173.2MiB / 15.61GiB
whiteboard-postgres-1,3.91%,48.97MiB / 15.61GiB
whiteboard-node-1-1,68.57%,174.5MiB / 15.61GiB
whiteboard-postgres-1,7.64%,49.35MiB / 15.61GiB
whiteboard-node-1-1,65.57%,174.2MiB / 15.61GiB
whiteboard-postgres-1,7.25%,49.16MiB / 15.61GiB
whiteboard-node-1-1,67.24%,176.5MiB / 15.61GiB
whiteboard-postgres-1,8.00%,49.13MiB / 15.61GiB
whiteboard-node-1-1,67.08%,172.7MiB / 15.61GiB
whiteboard-postgres-1,3.53%,49.36MiB / 15.61GiB
whiteboard-node-1-1,73.65%,185MiB / 15.61GiB
whiteboard-postgres-1,8.28%,50.93MiB / 15.61GiB
whiteboard-node-1-1,66.08%,184.9MiB / 15.61GiB
whiteboard-postgres-1,7.94%,50.91MiB / 15.61GiB
whiteboard-node-1-1,72.61%,184.9MiB / 15.61GiB
whiteboard-postgres-1,3.80%,51.07MiB / 15.61GiB
whiteboard-node-1-1,75.74%,185.1MiB / 15.61GiB
whiteboard-postgres-1,8.27%,51.31MiB / 15.61GiB
whiteboard-node-1-1,72.78%,186.8MiB / 15.61GiB
whiteboard-postgres-1,3.71%,50.96MiB / 15.61GiB
whiteboard-node-1-1,73.33%,187.5MiB / 15.61GiB
whiteboard-postgres-1,8.35%,51.27MiB / 15.61GiB
whiteboard-node-1-1,63.63%,189.4MiB / 15.61GiB
whiteboard-postgres-1,4.69%,51.45MiB / 15.61GiB
whiteboard-node-1-1,67.26%,188.6MiB / 15.61GiB
whiteboard-postgres-1,8.06%,51.24MiB / 15.61GiB
whiteboard-node-1-1,65.88%,201.5MiB / 15.61GiB
whiteboard-postgres-1,3.66%,51.44MiB / 15.61GiB
whiteboard-node-1-1,64.86%,205.1MiB / 15.61GiB
whiteboard-postgres-1,6.20%,51.57MiB / 15.61GiB
whiteboard-node-1-1,66.85%,206MiB / 15.61GiB
whiteboard-postgres-1,7.57%,51.83MiB / 15.61GiB
whiteboard-node-1-1,71.17%,205.2MiB / 15.61GiB
whiteboard-postgres-1,3.29%,52.95MiB / 15.61GiB
whiteboard-node-1-1,61.89%,205.5MiB / 15.61GiB
whiteboard-postgres-1,6.79%,53.09MiB / 15.61GiB
whiteboard-node-1-1,69.34%,207.7MiB / 15.61GiB
whiteboard-postgres-1,3.33%,52.88MiB / 15.61GiB
whiteboard-node-1-1,55.91%,207.9MiB / 15.61GiB
whiteboard-postgres-1,8.34%,53.13MiB / 15.61GiB
whiteboard-node-1-1,60.40%,207.7MiB / 15.61GiB
whiteboard-postgres-1,6.73%,52.75MiB / 15.61GiB
whiteboard-node-1-1,67.00%,225.7MiB / 15.61GiB
whiteboard-postgres-1,3.60%,54.54MiB / 15.61GiB
whiteboard-node-1-1,62.50%,226.4MiB / 15.61GiB
whiteboard-postgres-1,2.91%,54.67MiB / 15.61GiB
whiteboard-node-1-1,59.07%,225.7MiB / 15.61GiB
whiteboard-postgres-1,4.84%,63.34MiB / 15.61GiB
whiteboard-node-1-1,62.34%,226.6MiB / 15.61GiB
whiteboard-postgres-1,3.37%,54.59MiB / 15.61GiB
whiteboard-node-1-1,60.59%,225.7MiB / 15.61GiB
whiteboard-postgres-1,3.15%,54.97MiB / 15.61GiB
whiteboard-node-1-1,59.78%,225.6MiB / 15.61GiB
whiteboard-postgres-1,7.32%,54.85MiB / 15.61GiB
whiteboard-node-1-1,56.52%,226.5MiB / 15.61GiB
whiteboard-postgres-1,7.54%,55.1MiB / 15.61GiB
whiteboard-node-1-1,67.65%,230.5MiB / 15.61GiB
whiteboard-postgres-1,3.18%,55.14MiB / 15.61GiB
whiteboard-node-1-1,64.29%,240.6MiB / 15.61GiB
whiteboard-postgres-1,7.24%,56.76MiB / 15.61GiB
whiteboard-node-1-1,61.53%,238.1MiB / 15.61GiB
whiteboard-postgres-1,7.20%,56.88MiB / 15.61GiB
