unix_second,editors_receiving,samples,p50_ms,p99_ms
1790977281,5,0,0.0,0.0
1790977282,14,0,0.0,0.0
1790977283,22,0,0.0,0.0
1790977284,30,0,0.0,0.0
1790977285,39,0,0.0,0.0
1790977286,47,0,0.0,0.0
1790977287,55,0,0.0,0.0
1790977288,64,0,0.0,0.0
1790977289,72,0,0.0,0.0
1790977290,80,0,0.0,0.0
1790977291,89,0,0.0,0.0
1790977292,97,0,0.0,0.0
1790977293,105,0,0.0,0.0
1790977294,114,0,0.0,0.0
1790977295,120,0,0.0,0.0
1790977296,130,0,0.0,0.0
1790977297,139,0,0.0,0.0
1790977298,147,0,0.0,0.0
1790977299,155,0,0.0,0.0
1790977300,164,0,0.0,0.0
1790977301,172,0,0.0,0.0
1790977302,180,0,0.0,0.0
1790977303,189,0,0.0,0.0
1790977304,197,0,0.0,0.0
1790977305,205,0,0.0,0.0
1790977306,214,0,0.0,0.0
1790977307,222,0,0.0,0.0
1790977308,230,0,0.0,0.0
1790977309,239,0,0.0,0.0
1790977310,247,0,0.0,0.0
1790977311,250,0,0.0,0.0
1790977312,248,0,0.0,0.0
1790977313,245,0,0.0,0.0
1790977314,248,0,0.0,0.0
1790977315,248,0,0.0,0.0
1790977316,244,0,0.0,0.0
1790977317,244,0,0.0,0.0
1790977318,245,0,0.0,0.0
1790977319,247,0,0.0,0.0
1790977320,248,0,0.0,0.0
1790977321,247,8160,13.2,27.0
1790977322,246,13958,12.5,24.3
1790977323,245,15648,14.0,26.6
1790977324,245,13423,14.8,26.5
1790977325,247,13465,17.8,26.4
1790977326,246,16154,15.9,25.3
1790977327,246,18818,16.0,27.5
1790977328,245,17537,13.5,27.8
1790977329,247,17404,15.2,26.9
1790977330,246,15512,13.3,29.5
1790977331,247,14491,14.4,25.0
1790977332,247,12990,14.0,25.5
1790977333,247,18792,13.4,25.6
1790977334,245,18309,13.0,26.0
1790977335,245,10896,12.4,24.4
1790977336,244,9010,11.6,24.9
1790977337,244,12604,11.9,25.7
1790977338,248,13243,10.9,24.9
1790977339,250,15323,11.8,25.6
1790977340,246,17537,11.4,25.4
1790977341,246,11955,15.1,25.8
1790977342,247,9572,14.8,26.7
1790977343,246,16068,15.1,26.2
1790977344,244,20548,14.5,27.1
1790977345,245,21275,12.8,25.0
1790977346,247,16473,16.4,24.6
1790977347,248,16559,14.2,24.6
1790977348,246,16832,15.3,25.1
1790977349,246,18946,14.6,25.7
1790977350,249,18225,14.9,26.1
1790977351,245,9767,15.1,25.5
1790977352,244,9372,10.2,25.7
1790977353,245,15716,13.5,25.9
1790977354,245,15740,13.0,24.8
1790977355,247,13158,13.0,24.7
1790977356,247,12111,14.9,24.9
1790977357,245,13523,15.2,26.5
1790977358,246,17641,13.4,24.1
1790977359,248,13736,14.6,24.3
1790977360,246,15095,15.8,30.9
1790977361,245,16489,13.2,25.9
1790977362,244,14771,11.2,25.9
1790977363,247,17712,12.1,27.0
1790977364,247,14277,12.8,24.9
1790977365,246,13919,13.1,24.0
1790977366,247,15682,13.6,25.1
1790977367,246,15647,10.5,25.7
1790977368,247,12431,13.3,26.1
1790977369,247,13217,12.5,24.9
1790977370,249,12483,15.6,25.0
1790977371,246,15672,13.1,25.2
1790977372,244,18718,13.2,25.5
1790977373,246,17172,15.2,24.9
1790977374,246,16062,14.0,25.6
1790977375,247,17048,14.5,25.1
1790977376,245,15101,12.7,24.6
1790977377,247,18199,11.5,96.3
1790977378,249,15256,11.8,25.5
1790977379,247,18208,12.5,25.5
1790977380,246,13676,11.3,24.0
1790977381,246,16129,11.4,24.7
1790977382,245,16434,12.4,29.9
1790977383,245,15360,13.1,25.0
1790977384,248,14430,11.6,24.1
1790977385,248,14734,14.7,24.7
1790977386,248,21681,14.7,25.6
1790977387,247,19518,14.1,27.3
1790977388,247,19885,15.5,25.0
1790977389,244,22600,15.0,24.8
1790977390,246,21939,13.0,23.9
1790977391,248,20698,12.8,24.4
1790977392,246,21166,13.8,23.3
1790977393,248,18992,15.0,24.7
1790977394,245,17017,13.5,24.2
1790977395,246,13016,15.9,25.2
1790977396,246,15476,13.4,25.7
1790977397,244,15032,14.0,24.9
1790977398,245,10050,13.8,34.1
1790977399,243,13792,13.6,24.4
1790977400,245,18595,15.2,25.8
1790977401,244,8738,16.0,26.0
1790977406,1,0,0.0,0.0
1790977407,61,4235,2594.8,6201.3
1790977408,187,25089,3366.9,7086.1
1790977409,250,39007,1803.3,7815.2
1790977410,245,19750,9.8,25.4
1790977411,246,18713,11.6,32.9
1790977412,244,8801,14.4,29.1
1790977413,248,11292,15.9,24.3
1790977414,246,18805,14.9,24.2
1790977415,247,21707,14.3,28.4
1790977416,246,15410,14.7,24.8
1790977417,244,12471,14.8,26.8
1790977418,247,13059,14.1,25.4
1790977419,245,15324,13.8,24.0
1790977420,247,16059,13.4,25.6
1790977421,244,15591,13.3,25.5
1790977422,247,15599,13.1,24.3
1790977423,247,20465,14.8,25.9
1790977424,247,15637,14.7,28.1
1790977425,248,14425,17.7,24.6
1790977426,245,16166,15.5,25.6
1790977427,248,17533,11.0,24.4
1790977428,245,16147,14.2,24.6
1790977429,247,16723,14.7,24.2
1790977430,246,15489,13.7,26.2
1790977431,248,15619,17.6,25.3
1790977432,247,11126,15.1,23.6
1790977433,246,10789,15.3,26.4
1790977434,246,11418,16.3,27.0
1790977435,247,12705,16.8,26.4
1790977436,246,13766,15.0,25.1
1790977437,246,14060,16.7,26.2
1790977438,245,18536,14.8,23.8
1790977439,244,16772,13.9,24.5
1790977440,248,15372,14.1,25.4
1790977441,246,19768,14.1,24.9
1790977442,244,17011,13.5,25.0
1790977443,246,11901,13.9,26.6
1790977444,246,11426,14.0,24.3
1790977445,248,18061,13.7,24.9
1790977446,248,15918,13.7,27.8
1790977447,244,14784,11.6,23.1
1790977448,247,15473,12.1,25.3
1790977449,248,18647,12.9,25.2
1790977450,248,19500,13.8,25.6
1790977451,243,17116,12.4,24.2
1790977452,246,17245,13.1,25.7
1790977453,248,19485,14.4,26.1
1790977454,245,16298,13.9,25.8
1790977455,245,18346,13.4,25.8
1790977456,246,12942,14.1,24.9
1790977457,247,9372,12.9,23.6
1790977458,245,13256,13.3,24.8
1790977459,248,14814,14.2,25.6
1790977460,247,22182,16.0,25.6
1790977461,247,17098,13.7,25.2
1790977462,244,17089,16.3,26.1
1790977463,248,19770,14.2,23.7
1790977464,245,18241,13.0,23.9
1790977465,247,15001,14.7,25.4
1790977466,247,15181,15.2,40.1
1790977467,246,14725,15.2,25.3
1790977468,246,18320,15.0,25.6
1790977469,248,15895,13.6,27.1
1790977470,247,12045,12.2,26.6
1790977471,247,15372,14.2,24.7
1790977472,248,21713,15.4,25.3
1790977473,246,15113,15.2,24.3
1790977474,247,10794,13.2,23.6
1790977475,244,14849,13.1,26.0
1790977476,245,13094,10.8,24.5
1790977477,247,12727,14.7,25.4
1790977478,247,13949,17.6,24.5
1790977479,247,21661,15.7,24.6
1790977480,248,19248,14.6,24.6
1790977481,247,18241,15.5,24.5
1790977482,248,19547,11.5,25.7
1790977483,247,16785,13.5,26.0
1790977484,248,16324,12.6,24.7
1790977485,248,24451,11.1,24.5
1790977486,249,18224,12.9,24.7
1790977487,247,15426,16.7,24.5
1790977488,247,14386,13.1,25.3
1790977489,247,19340,11.3,25.0
1790977490,244,16312,14.5,25.1
1790977491,244,11457,15.4,26.6
1790977492,247,16677,13.7,25.5
1790977493,245,18039,13.8,24.3
1790977494,245,14230,14.3,23.6
1790977495,248,14367,15.2,25.6
1790977496,248,20793,15.5,28.7
1790977497,247,18441,15.1,25.5
1790977498,246,21639,16.2,25.2
1790977499,246,22398,16.2,25.8
1790977500,248,20633,15.6,26.2
1790977501,245,17315,13.9,26.1
1790977502,246,17432,10.9,23.5
1790977503,245,14320,17.0,25.9
1790977504,245,14198,13.2,23.7
1790977505,246,19204,11.1,24.7
1790977506,245,14296,11.4,23.3
1790977507,246,12910,14.1,23.0
1790977508,248,11024,12.3,23.3
1790977509,246,10809,13.4,23.3
1790977510,245,14450,14.4,25.7
1790977511,245,20757,14.4,25.2
1790977512,247,19694,12.0,25.8
1790977513,245,18358,14.2,24.3
1790977514,246,14495,14.7,25.7
1790977515,248,14733,18.0,27.0
1790977516,247,13919,18.7,24.2
1790977517,246,15114,12.6,24.3
1790977518,246,17095,10.9,23.1
1790977519,248,17699,11.4,24.1
1790977520,247,18720,14.7,23.8
1790977521,249,7675,12.7,26.3
