whiteboard-node-1-1,7.94%,32.03MiB / 15.61GiB
whiteboard-postgres-1,1.83%,42.41MiB / 15.61GiB
whiteboard-node-1-1,16.80%,47.94MiB / 15.61GiB
whiteboard-postgres-1,1.53%,42.99MiB / 15.61GiB
whiteboard-node-1-1,19.34%,61.21MiB / 15.61GiB
whiteboard-postgres-1,1.63%,42.94MiB / 15.61GiB
whiteboard-node-1-1,29.95%,70.5MiB / 15.61GiB
whiteboard-postgres-1,4.11%,43.95MiB / 15.61GiB
whiteboard-node-1-1,46.81%,83.62MiB / 15.61GiB
whiteboard-postgres-1,2.05%,44.55MiB / 15.61GiB
whiteboard-node-1-1,47.16%,101.8MiB / 15.61GiB
whiteboard-postgres-1,2.19%,45.21MiB / 15.61GiB
whiteboard-node-1-1,50.97%,117.7MiB / 15.61GiB
whiteboard-postgres-1,4.60%,48.57MiB / 15.61GiB
whiteboard-node-1-1,68.44%,134.7MiB / 15.61GiB
whiteboard-postgres-1,4.93%,50.39MiB / 15.61GiB
whiteboard-node-1-1,50.65%,188.9MiB / 15.61GiB
whiteboard-postgres-1,3.56%,54.25MiB / 15.61GiB
whiteboard-node-1-1,65.13%,208.2MiB / 15.61GiB
whiteboard-postgres-1,3.04%,55.1MiB / 15.61GiB
whiteboard-node-1-1,61.25%,212.1MiB / 15.61GiB
whiteboard-postgres-1,2.76%,56.27MiB / 15.61GiB
whiteboard-node-1-1,61.12%,211.8MiB / 15.61GiB
whiteboard-postgres-1,5.31%,57.08MiB / 15.61GiB
whiteboard-node-1-1,53.61%,217.3MiB / 15.61GiB
whiteboard-postgres-1,2.73%,57.03MiB / 15.61GiB
whiteboard-node-1-1,63.26%,218.1MiB / 15.61GiB
whiteboard-postgres-1,5.89%,57.02MiB / 15.61GiB
whiteboard-node-1-1,59.42%,233.1MiB / 15.61GiB
whiteboard-postgres-1,4.86%,57.67MiB / 15.61GiB
whiteboard-node-1-1,62.38%,233.4MiB / 15.61GiB
whiteboard-postgres-1,2.55%,58.59MiB / 15.61GiB
whiteboard-node-1-1,58.02%,234.1MiB / 15.61GiB
whiteboard-postgres-1,2.54%,62MiB / 15.61GiB
whiteboard-node-1-1,62.37%,233.9MiB / 15.61GiB
whiteboard-postgres-1,2.35%,63.51MiB / 15.61GiB
whiteboard-node-1-1,61.27%,243.7MiB / 15.61GiB
whiteboard-postgres-1,2.62%,64.42MiB / 15.61GiB
whiteboard-node-1-1,54.11%,245.6MiB / 15.61GiB
whiteboard-postgres-1,2.60%,65.38MiB / 15.61GiB
whiteboard-node-1-1,60.82%,253.1MiB / 15.61GiB
whiteboard-postgres-1,4.67%,65.4MiB / 15.61GiB
whiteboard-node-1-1,57.38%,254.5MiB / 15.61GiB
whiteboard-postgres-1,2.18%,65.12MiB / 15.61GiB
whiteboard-node-1-1,58.62%,260.9MiB / 15.61GiB
whiteboard-postgres-1,2.69%,65.23MiB / 15.61GiB
whiteboard-node-1-1,62.65%,261MiB / 15.61GiB
whiteboard-postgres-1,5.29%,66.02MiB / 15.61GiB
whiteboard-node-1-1,69.89%,268.5MiB / 15.61GiB
whiteboard-postgres-1,10.54%,68.41MiB / 15.61GiB
whiteboard-node-1-1,52.63%,276.1MiB / 15.61GiB
whiteboard-postgres-1,2.66%,68.96MiB / 15.61GiB
whiteboard-node-1-1,56.72%,274.1MiB / 15.61GiB
whiteboard-postgres-1,4.52%,69.19MiB / 15.61GiB
whiteboard-node-1-1,61.48%,274.6MiB / 15.61GiB
whiteboard-postgres-1,4.90%,69.11MiB / 15.61GiB
whiteboard-node-1-1,49.92%,282.6MiB / 15.61GiB
whiteboard-postgres-1,2.00%,69.89MiB / 15.61GiB
whiteboard-node-1-1,66.28%,284MiB / 15.61GiB
whiteboard-postgres-1,2.24%,69.6MiB / 15.61GiB
whiteboard-node-1-1,58.89%,288.5MiB / 15.61GiB
whiteboard-postgres-1,2.66%,69.45MiB / 15.61GiB
whiteboard-node-1-1,62.79%,291.5MiB / 15.61GiB
whiteboard-postgres-1,5.40%,69.54MiB / 15.61GiB
whiteboard-node-1-1,75.03%,315.1MiB / 15.61GiB
whiteboard-postgres-1,2.42%,69.72MiB / 15.61GiB
whiteboard-node-1-1,59.09%,310.5MiB / 15.61GiB
whiteboard-postgres-1,2.23%,70.35MiB / 15.61GiB
whiteboard-node-1-1,69.86%,310.7MiB / 15.61GiB
whiteboard-postgres-1,2.54%,71.47MiB / 15.61GiB
whiteboard-node-1-1,62.02%,317.2MiB / 15.61GiB
whiteboard-postgres-1,2.56%,72.65MiB / 15.61GiB
whiteboard-node-1-1,46.19%,317.6MiB / 15.61GiB
whiteboard-postgres-1,2.30%,72.52MiB / 15.61GiB
whiteboard-node-1-1,62.51%,319.1MiB / 15.61GiB
whiteboard-postgres-1,4.79%,72.23MiB / 15.61GiB
whiteboard-node-1-1,61.66%,330.1MiB / 15.61GiB
whiteboard-postgres-1,2.31%,72.37MiB / 15.61GiB
whiteboard-node-1-1,51.33%,328.2MiB / 15.61GiB
whiteboard-postgres-1,4.83%,72.62MiB / 15.61GiB
whiteboard-node-1-1,71.31%,336.1MiB / 15.61GiB
whiteboard-postgres-1,15.46%,76.14MiB / 15.61GiB
whiteboard-node-1-1,49.26%,347MiB / 15.61GiB
whiteboard-postgres-1,2.41%,76.02MiB / 15.61GiB
whiteboard-node-1-1,54.20%,348.9MiB / 15.61GiB
whiteboard-postgres-1,5.01%,76.33MiB / 15.61GiB
whiteboard-node-1-1,63.99%,356.5MiB / 15.61GiB
whiteboard-postgres-1,5.08%,76.87MiB / 15.61GiB
whiteboard-node-1-1,49.37%,354.1MiB / 15.61GiB
whiteboard-postgres-1,4.93%,76.72MiB / 15.61GiB
whiteboard-node-1-1,67.81%,356.5MiB / 15.61GiB
whiteboard-postgres-1,2.49%,77.01MiB / 15.61GiB
whiteboard-node-1-1,58.11%,362.1MiB / 15.61GiB
whiteboard-postgres-1,2.11%,77.17MiB / 15.61GiB
whiteboard-node-1-1,61.66%,366.4MiB / 15.61GiB
whiteboard-postgres-1,2.64%,76.91MiB / 15.61GiB
whiteboard-node-1-1,80.64%,400.8MiB / 15.61GiB
whiteboard-postgres-1,1.97%,76.77MiB / 15.61GiB
whiteboard-node-1-1,52.47%,480.1MiB / 15.61GiB
whiteboard-postgres-1,5.05%,80.48MiB / 15.61GiB
